Workbook
Name transition: Transitionmatrix!$E$6:$G$8
Name Costmatrix: Cost_qualy!$C$6:$C$8
Name qualy: Cost_qualy!$D$6:$D$8

Sheet Inputs
B2: PARAMETERS | D2: VALUES
B4: Cohort size | D4: 1000
B6: Time horizon (years) | D6: 20
B9: Cost
B11: STATE | D11: COST (per year) | E11: UTILITIES
B13: Healthy | D13: 800 | E13: 0.9
B14: Complication | D14: 5000 | E14: 0.6
B15: Death | D15: 0 | E15: 0
B18: Drug cost (new therapy) | D18: 1500 | E18: $(per year)
B19: Drug cost (standard therapy) | D19: 400 | E19: $(per year)

Sheet Transitionmatrix
C2: Transition Probability Matrix (P)
C4: To/ From | E4: Heathy | F4: Complication | G4: Death
C6: Healthy | E6: 0.9 | F6: 0.08 | G6: 0.02
C7: Complication | E7: 0 | F7: 0.9 | G7: 0.1
C8: Death | E8: 0 | F8: 0 | G8: 1
C12: Important rule: Each row must sum to 1.

Sheet Markov trace
C2: Markov Update formula
B4: Cycle (S_t) | C4: Healthy | D4: Complication | E4: Death | H4: S_(t+1) = S_t * P
A6: S_0 | B6: 0 | C6: 1000 | D6: 0 | E6: 0
B7: {=SEQUENCE(20,1)} -> 1 | C7: {=MMULT(C6:E6,transition)} -> 900 | D7: 80 | E7: 20
B8: 2 | C8: {=MMULT(C7:E7,transition)} -> 810 | D8: 144 | E8: 46
B9: 3 | C9: {=MMULT(C8:E8,transition)} -> 729 | D9: 194.4 | E9: 76.6
B10: 4 | C10: {=MMULT(C9:E9,transition)} -> 656.1 | D10: 233.28 | E10: 110.62
B11: 5 | C11: {=MMULT(C10:E10,transition)} -> 590.49 | D11: 262.44 | E11: 147.07
B12: 6 | C12: {=MMULT(C11:E11,transition)} -> 531.441 | D12: 283.4352 | E12: 185.1238
B13: 7 | C13: {=MMULT(C12:E12,transition)} -> 478.2969 | D13: 297.60696 | E13: 224.09614
B14: 8 | C14: {=MMULT(C13:E13,transition)} -> 430.46721 | D14: 306.11002 | E14: 263.42277
B15: 9 | C15: {=MMULT(C14:E14,transition)} -> 387.42049 | D15: 309.93639 | E15: 302.64312
B16: 10 | C16: {=MMULT(C15:E15,transition)} -> 348.67844 | D16: 309.93639 | E16: 341.38517
B17: 11 | C17: {=MMULT(C16:E16,transition)} -> 313.8106 | D17: 306.83703 | E17: 379.35238
B18: 12 | C18: {=MMULT(C17:E17,transition)} -> 282.42954 | D18: 301.25817 | E18: 416.31229
B19: 13 | C19: {=MMULT(C18:E18,transition)} -> 254.18658 | D19: 293.72672 | E19: 452.0867
... B26: 20 | C26: {=MMULT(C25:E25,transition)} -> 121.57665 | D26: 216.13627 | E26: 662.28707

Sheet Cost_qualy
B2: Cost Vector
B4: States | C4: Cost (C) | D4: Utitlies (U)
B6: Healthy | C6: 800 | D6: 0.9 | G6: Cost_t = S_t * C
B7: Complication | C7: 5000 | D7: 0.6 | G7: U_t = S_t * U
B8: Death | C8: 0 | D8: 0
B10: Cycle | C10: Cost per cycle | D10: QALY per cycle
B12: {=SEQUENCE(20,1)} -> 1 | C12: {=MMULT('Markov trace'!C7:E7,Costmatrix)} -> 1120000 | D12: {=MMULT('Markov trace'!C7:E7,qualy)} -> 858 | E12: =E1
B13: 2 | C13: {=MMULT('Markov trace'!C8:E8,Costmatrix)} -> 1368000 | D13: {=MMULT('Markov trace'!C8:E8,qualy)} -> 815.4 | G13: Average QALY per patient = Total QALY / cohort size | I13: Interpretation
B14: 3 | C14: {=MMULT('Markov trace'!C9:E9,Costmatrix)} -> 1555200 | D14: {=MMULT('Markov trace'!C9:E9,qualy)} -> 772.74 | G14: =D33/Inputs!D4 -> 10.164525 | I14: One patient receiving the treatment experiences 10.16 years of perfect-health equivalent life over the 10-year horizon.
B15: 4 | C15: {=MMULT('Markov trace'!C10:E10,Costmatrix)} -> 1691280 | D15: {=MMULT('Markov trace'!C10:E10,qualy)} -> 730.458
B16: 5 | C16: {=MMULT('Markov trace'!C11:E11,Costmatrix)} -> 1784592 | D16: {=MMULT('Markov trace'!C11:E11,qualy)} -> 688.905 | G16: Average COST per patient = Total COST / cohort size
B17: 6 | C17: {=MMULT('Markov trace'!C12:E12,Costmatrix)} -> 1842328.8 | D17: {=MMULT('Markov trace'!C12:E12,qualy)} -> 648.35802 | G17: =C33/Inputs!D4 -> 31735.45
B18: 7 | C18: {=MMULT('Markov trace'!C13:E13,Costmatrix)} -> 1870672.3 | D18: {=MMULT('Markov trace'!C13:E13,qualy)} -> 609.03139
B19: 8 | C19: {=MMULT('Markov trace'!C14:E14,Costmatrix)} -> 1874923.8 | D19: {=MMULT('Markov trace'!C14:E14,qualy)} -> 571.0865
B20: 9 | C20: {=MMULT('Markov trace'!C15:E15,Costmatrix)} -> 1859618.3 | D20: {=MMULT('Markov trace'!C15:E15,qualy)} -> 534.64027
B21: 10 | C21: {=MMULT('Markov trace'!C16:E16,Costmatrix)} -> 1828624.7 | D21: {=MMULT('Markov trace'!C16:E16,qualy)} -> 499.77243
B22: 11 | C22: {=MMULT('Markov trace'!C17:E17,Costmatrix)} -> 1785233.6 | D22: {=MMULT('Markov trace'!C17:E17,qualy)} -> 466.53175
B23: 12 | C23: {=MMULT('Markov trace'!C18:E18,Costmatrix)} -> 1732234.5 | D23: {=MMULT('Markov trace'!C18:E18,qualy)} -> 434.94149
B24: 13 | C24: {=MMULT('Markov trace'!C19:E19,Costmatrix)} -> 1671982.9 | D24: {=MMULT('Markov trace'!C19:E19,qualy)} -> 405.00396
B25: 14 | C25: {=MMULT('Markov trace'!C20:E20,Costmatrix)} -> 1606459.2 | D25: {=MMULT('Markov trace'!C20:E20,qualy)} -> 376.70452
B26: 15 | C26: {=MMULT('Markov trace'!C21:E21,Costmatrix)} -> 1537320.5 | D26: {=MMULT('Markov trace'!C21:E21,qualy)} -> 350.01492
B27: 16 | C27: {=MMULT('Markov trace'!C22:E22,Costmatrix)} -> 1465944.9 | D27: {=MMULT('Markov trace'!C22:E22,qualy)} -> 324.89621
B28: 17 | C28: {=MMULT('Markov trace'!C23:E23,Costmatrix)} -> 1393471.2 | D28: {=MMULT('Markov trace'!C23:E23,qualy)} -> 301.30108
B29: 18 | C29: {=MMULT('Markov trace'!C24:E24,Costmatrix)} -> 1320832.8 | D29: {=MMULT('Markov trace'!C24:E24,qualy)} -> 279.17602
... B31: 20 | C31: {=MMULT('Markov trace'!C26:E26,Costmatrix)} -> 1177942.7 | D31: {=MMULT('Markov trace'!C26:E26,qualy)} -> 239.10075
B33: Total | C33: =SUM(C12:C31) -> 31735450 | D33: =SUM(D12:D31) -> 10164.525

Sheet new therapy result
B4: Strategy | C4: Total Cost | D4: Total QALY | H4: New Therapy Cost Calculations
B6: Standard Therapy | C6: =G43 -> 40200 | D6: =Cost_qualy!G14 -> 10.164525 | H6: Cost = Healthy state cost + complication state cost + drug cost
B7: New Therapy | C7: =G34 -> 62200 | D7: =G26 -> 11.1
B11: Interpretation: Standard therapy costs $40,200 per patient. Standard therapy gives 10.1 uality-adjusted life years New therapy costs $62,200 per patient. New therapy gives 11.1 quality-adjusted life years So the new therapy is more expensive and improves health outcomes.
F12: Step 1: Heatlhy State Cost
F14: Healthy total patient-years: | H14: =sum('Markov trace'!C6:C26) -> 8905.8101 | I14: patients year
H15: Now divide by cohort size
H16: =H14/Inputs!D4 -> 8.9058101 | I16: approx 9 years controlled | J16: 9
F19: Complication total patient- years | H19: =sum('Markov trace'!D6:D26) -> 5082.1603 | I19: patients year
H20: Now divide by cohort size approx 9 years controlled year
H21: =H19/Inputs!D4 -> 5.0821603 | I21: approx 5 years complicatioon | J21: 5
F24: Step 2 : Calculate QALY
F26: QALY : | G26: =(J16*Inputs!E13 +J21*Inputs!E14) -> 11.1
F29: Step 3: New therapy cost
F31: Drug cost = | G31: =Inputs!D18*Inputs!D6 -> 30000
F32: healthy state cost = | G32: =J16*Inputs!D13 -> 7200
F33: Complication state cost = | G33: =J21*Inputs!D14 -> 25000
F34: Total = | G34: =SUM(G31:G33) -> 62200
F38: Step 4 : standard therapy cost
F40: Drug cost = | G40: =Inputs!D19*20 -> 8000
F41: healthy state cost = | G41: =J16*Inputs!D13 -> 7200
F42: Complication state cost = | G42: =J21*Inputs!D14 -> 25000
F43: Total = | G43: =SUM(G40:G42) -> 40200

Sheet Incremental cost
A1: i
B3: Incremental Comparison
B6: Incremental cost | C6: ='new therapy result'!C7-'new therapy result'!C6 -> 22000
B8: Incremental QALY | C8: ='new therapy result'!D7-'new therapy result'!D6 -> 0.93547473
B12: Now we calculate the Incremental Cost-Effectiveness Ratio (ICER).
B15: ICER | C15: =C6/C8 -> 23517.471
B18: ICER is 23517.4 $ per QALY
B20: Final Interpretation (Very Important)
B22: The new therapy increases health benefits from 10.16 to 11.1 QALYs but increases cost from $45,000 to $57,000. The incremental cost-effectiveness ratio is $23517.4 per QALY, indicating that the new therapy provides additional health benefits at an additional cost
B30: Decision makers then compare this ICER to a willingness-to-pay threshold.
B34: For example:
B36: If threshold = $50,000/QALY
B38: ICER = $23517.45/QALY
B40: The new therapy is considered cost-effective.
